provider,pergunta,resposta,tempo_busca_ms,tempo_geracao_ms,tempo_total_ms,tamanho_resposta,num_citacoes,tem_citacoes,citacoes_encontradas,custo_estimado_usd
Gemini,Qual a acurácia obtida pelo classificador de Regressão Logística no Artigo 1?,"O classificador de Regressão Logística obteve uma Acurácia de 97,1% (ML_Attacks_Metrics.pdf).",89.36905860900879,1318.8881874084473,1408.257246017456,93,1,True,['(ML_Attacks_Metrics.pdf)'],5.46e-06
Gemini,O que o Artigo 1 menciona sobre o consumo de CPU durante a inferência?,"Erro ao chamar a API do Gemini: Invalid operation: The `response.text` quick accessor requires the response to contain a valid `Part`, but none were returned. The candidate's [finish_reason](https://ai.google.dev/api/generate-content#finishreason) is 2.",80.42478561401367,10420.454740524292,10500.879526138306,253,0,False,[],1.3065e-05
Gemini,Qual o método de redução de dimensionalidade utilizado no Artigo 1 e quantas features foram mantidas?,"No Artigo 1, o método de redução de dimensionalidade utilizado foi a Análise de Componentes Principais (PCA), que reduziu 75 features iniciais para 12 (ML_Attacks_Metrics.pdf).",88.93799781799316,2100.9793281555176,2189.9173259735107,176,1,True,['(ML_Attacks_Metrics.pdf)'],1.1309999999999998e-05
Gemini,Que tipo de Rede Neural Recorrente foi o classificador escolhido para identificar o ataque DDoS no Artigo 2?,O classificador escolhido para identificar o ataque DDoS foi uma Rede Neural Recorrente (RNN) do tipo LSTM (Long Short-Term Memory) de quatro camadas (Fonte: DL_Attacks_Types.pdf).,104.38919067382812,3526.113986968994,3630.5031776428223,180,1,True,['(Fonte: DL_Attacks_Types.pdf)'],1.1504999999999999e-05
Gemini,"Qual o valor específico da acurácia geral do modelo LSTM, conforme o Artigo 2?","O estudo sobre a eficácia do Deep Learning na identificação de Distributed Denial of Service (DDoS) com o classificador LSTM não reporta o valor específico da acurácia geral do modelo, apenas as métricas de Recall (DL_Attacks_Types.pdf).",87.7845287322998,2620.4068660736084,2708.191394805908,237,1,True,['(DL_Attacks_Types.pdf)'],1.5405000000000002e-05
Gemini,"Qual a métrica que demonstra a falha do Firewall contra DNS Spoofing no Artigo 3, e qual o seu valor?","A métrica que demonstra a falha do Firewall contra ataques de DNS Spoofing é a Taxa de Falso Negativo (FNR), com um valor de 0,40 (Fonte: Security_Mitigation_Fails.pdf).",322.6008415222168,7657.076597213745,7979.677438735962,169,1,True,['(Fonte: Security_Mitigation_Fails.pdf)'],1.2479999999999999e-05
Gemini,"Qual algoritmo, o Regressão Logística (Artigo 1) ou a CNN (Artigo 2), exigiu um tempo de processamento 6 vezes maior?","O contexto indica que o algoritmo LSTM (Long Short-Term Memory), e não uma CNN, exigiu um tempo de processamento 6 vezes maior em comparação ao método Random Forest (DL_Attacks_Types.pdf). O estudo sobre Regressão Logística (ML_Attacks_Metrics.pdf) não menciona que este algoritmo tenha exigido um tempo de processamento 6 vezes maior.",117.38300323486328,8090.644836425781,8208.027839660645,335,2,True,"['(DL_Attacks_Types.pdf)', '(ML_Attacks_Metrics.pdf)']",2.106e-05
Deepseek,Qual a acurácia obtida pelo classificador de Regressão Logística no Artigo 1?,"Com base no contexto fornecido, o classificador de Regressão Logística descrito no Artigo 1 (ML_Attacks_Metrics.pdf) alcançou uma **acurácia de 97,1%** em testes realizados no dataset DARPA 2000 (Fonte, p. 1, sec. 1).",84.46264266967773,3919.8946952819824,4004.35733795166,217,1,True,['(ML_Attacks_Metrics.pdf)'],4.9972e-05
Deepseek,O que o Artigo 1 menciona sobre o consumo de CPU durante a inferência?,"De acordo com o contexto fornecido, o Artigo 1 (ML_Attacks_Metrics.pdf) menciona que o consumo médio de CPU durante a inferência foi de apenas 15% (Fonte, p. 1, sec. 1).",79.4515609741211,2774.718999862671,2854.170560836792,169,1,True,['(ML_Attacks_Metrics.pdf)'],4.638400000000001e-05
Deepseek,Qual o método de redução de dimensionalidade utilizado no Artigo 1 e quantas features foram mantidas?,"No Artigo 1 (ML_Attacks_Metrics.pdf), o método de redução de dimensionalidade utilizado foi a **Análise de Componentes Principais (PCA)**, reduzindo de **75 features iniciais para 12 features mantidas** (Fonte, p. 1, sec. 1).",103.51252555847168,2964.463710784912,3067.976236343384,225,1,True,['(ML_Attacks_Metrics.pdf)'],5.1376000000000004e-05
Deepseek,Que tipo de Rede Neural Recorrente foi o classificador escolhido para identificar o ataque DDoS no Artigo 2?,"O classificador escolhido para identificar ataques DDoS foi uma **Rede Neural Recorrente (RNN) do tipo LSTM (Long Short-Term Memory) de quatro camadas** (Fonte: DL_Attacks_Types.pdf, p. 1, sec. 1).",101.98974609375,4269.397497177124,4371.387243270874,197,1,True,"['(Fonte: DL_Attacks_Types.pdf, p. 1, sec. 1)']",4.6358000000000006e-05
Deepseek,"Qual o valor específico da acurácia geral do modelo LSTM, conforme o Artigo 2?","Com base no contexto fornecido, o Artigo 2 (DL_Attacks_Types.pdf) não reporta o valor específico da acurácia geral do modelo LSTM. O estudo menciona explicitamente que ""não reporta o valor específico da acurácia geral do modelo, apenas as métricas de Recall"" (Fonte, p. -, sec. -). A única métrica de desempenho fornecida para o modelo LSTM é um Recall de 98,5%.",94.86246109008789,4218.573570251465,4313.436031341553,362,1,True,['(DL_Attacks_Types.pdf)'],9.071400000000001e-05
Deepseek,"Qual a métrica que demonstra a falha do Firewall contra DNS Spoofing no Artigo 3, e qual o seu valor?","A métrica que demonstra a falha do Firewall contra DNS Spoofing é a **Taxa de Falso Negativo (FNR)**, com valor de **0,40** (Fonte: Security_Mitigation_Fails.pdf, p. {page}, sec. {section}).",371.6855049133301,3070.680618286133,3442.366123199463,190,1,True,"['(Fonte: Security_Mitigation_Fails.pdf, p. {page}, sec. {section})']",4.706e-05
Deepseek,"Qual algoritmo, o Regressão Logística (Artigo 1) ou a CNN (Artigo 2), exigiu um tempo de processamento 6 vezes maior?","Com base no contexto fornecido, não há menção a uma Rede Neural Convolucional (CNN) no ""Artigo 2"". O estudo de Deep Learning (DL_Attacks_Types.pdf) utilizou uma Rede Neural Recorrente do tipo LSTM (Long Short-Term Memory).

A informação sobre o tempo de processamento é a seguinte: o modelo LSTM (do estudo de Deep Learning) ""exige um tempo de processamento 6 vezes maior"" em comparação com o método Random Forest (Fonte: DL_Attacks_Types.pdf, p. {page}, sec. {section}).

O estudo que utilizou Regressão Logística (ML_Attacks_Metrics.pdf) não faz uma comparação direta de tempo de processamento com outros modelos, apenas relata que o ""consumo médio de CPU durante a inferência foi de apenas 15%"" (Fonte: ML_Attacks_Metrics.pdf, p. {page}, sec. {section}).

Portanto, a resposta correta para a sua pergunta, ajustando o algoritmo citado, é: **a LSTM (do estudo de Deep Learning) exigiu um tempo de processamento 6 vezes maior em comparação com o Random Forest.** Não há uma comparação direta entre Regressão Logística e CNN/LSTM nos documentos fornecidos.",133.00061225891113,9712.602615356445,9845.603227615356,1056,4,True,"['(DL_Attacks_Types.pdf)', '(Fonte: DL_Attacks_Types.pdf, p. {page}, sec. {section})', '(ML_Attacks_Metrics.pdf)', '(Fonte: ML_Attacks_Metrics.pdf, p. {page}, sec. {section})']",0.00023582
Claude,Qual a acurácia obtida pelo classificador de Regressão Logística no Artigo 1?,"Com base no contexto fornecido, o classificador de Regressão Logística obteve uma **acurácia de 97,1%** no dataset DARPA 2000 (ML_Attacks_Metrics.pdf, p. {page}, sec. {section}).

Este resultado foi alcançado em um estudo que focou na classificação de ataques Probing e User-to-Root (U2R) em redes com restrições de hardware, onde a Regressão Logística foi escolhida devido à sua baixa complexidade computacional. O modelo também utilizou PCA para redução de dimensionalidade, passando de 75 features iniciais para 12, o que contribuiu para otimizar o tempo de inferência.",89.24341201782227,5416.564464569092,5505.807876586914,572,1,True,"['(ML_Attacks_Metrics.pdf, p. {page}, sec. {section})']",0.0016848
Claude,O que o Artigo 1 menciona sobre o consumo de CPU durante a inferência?,"Com base no contexto fornecido, o Artigo 1 (ML_Attacks_Metrics.pdf) menciona que o consumo médio de CPU durante a inferência foi de apenas 15% (ML_Attacks_Metrics.pdf, p. 1, sec. 1).

Este baixo consumo de CPU é apresentado como um resultado notável do estudo, que utilizou o algoritmo de Regressão Logística devido à sua baixa complexidade computacional e aplicou o método PCA (Análise de Componentes Principais) para otimizar o tempo de inferência, reduzindo as features de 75 para 12 (ML_Attacks_Metrics.pdf, p. 1, sec. 1).",98.0994701385498,4659.802675247192,4757.902145385742,526,3,True,"['(ML_Attacks_Metrics.pdf)', '(ML_Attacks_Metrics.pdf, p. 1, sec. 1)', '(ML_Attacks_Metrics.pdf, p. 1, sec. 1)']",0.0016340999999999999
Claude,Qual o método de redução de dimensionalidade utilizado no Artigo 1 e quantas features foram mantidas?,"Com base no contexto fornecido, no Artigo 1 (ML_Attacks_Metrics.pdf) foi utilizado o método **Análise de Componentes Principais (PCA)** para redução de dimensionalidade (ML_Attacks_Metrics.pdf, p. 1, sec. 1).

O estudo reduziu as **75 features iniciais para 12 features**, aplicando o PCA para otimizar o tempo de inferência do modelo de Regressão Logística (ML_Attacks_Metrics.pdf, p. 1, sec. 1).

Esta redução significativa (de 75 para 12 features, representando uma redução de 84%) foi implementada especificamente para atender às restrições de hardware do sistema e melhorar a eficiência computacional do modelo.",86.94791793823242,4903.307914733887,4990.255832672119,616,3,True,"['(ML_Attacks_Metrics.pdf)', '(ML_Attacks_Metrics.pdf, p. 1, sec. 1)', '(ML_Attacks_Metrics.pdf, p. 1, sec. 1)']",0.0017589
Claude,Que tipo de Rede Neural Recorrente foi o classificador escolhido para identificar o ataque DDoS no Artigo 2?,"Com base no contexto fornecido, o classificador escolhido para identificar ataques DDoS foi uma **Rede Neural Recorrente (RNN) do tipo LSTM (Long Short-Term Memory) de quatro camadas** (DL_Attacks_Types.pdf, p. {page}, sec. {section}).

O estudo justifica essa escolha pela complexidade dos ataques DDoS, que exige modelos capazes de capturar padrões temporais, característica para a qual as redes LSTM são especialmente adequadas.",114.63642120361328,3971.738815307617,4086.3752365112305,431,1,True,"['(DL_Attacks_Types.pdf, p. {page}, sec. {section})']",0.0012402000000000001
Claude,"Qual o valor específico da acurácia geral do modelo LSTM, conforme o Artigo 2?","Com base no contexto fornecido, o estudo sobre Deep Learning (DL_Attacks_Types.pdf) **não reporta o valor específico da acurácia geral do modelo LSTM**. 

O documento explicitamente menciona que ""Este estudo não reporta o valor específico da acurácia geral do modelo, apenas as métricas de Recall"" (DL_Attacks_Types.pdf, p. 1, sec. 1). 

As únicas métricas de performance reportadas para o modelo LSTM são:
- Recall de 98,5% para identificação de ataques DDoS (DL_Attacks_Types.pdf, p. 1, sec. 1)
- Comparação indicando que a LSTM é superior ao Random Forest em termos de precisão, mas com tempo de processamento 6 vezes maior (DL_Attacks_Types.pdf, p. 1, sec. 1)

Portanto, a acurácia geral do modelo LSTM não está disponível neste estudo.",88.99211883544922,5765.775680541992,5854.767799377441,740,4,True,"['(DL_Attacks_Types.pdf)', '(DL_Attacks_Types.pdf, p. 1, sec. 1)', '(DL_Attacks_Types.pdf, p. 1, sec. 1)', '(DL_Attacks_Types.pdf, p. 1, sec. 1)']",0.0022776000000000003
Claude,"Qual a métrica que demonstra a falha do Firewall contra DNS Spoofing no Artigo 3, e qual o seu valor?","Baseando-me no contexto fornecido, a métrica que demonstra a falha do Firewall contra DNS Spoofing é a **Taxa de Falso Negativo (FNR)**, com o valor de **0,40**.

Esta métrica indica que o sistema falhou em detectar 40% dos ataques de DNS Spoofing, o que é caracterizado como ""uma falha grave na detecção"" (Security_Mitigation_Fails.pdf, p. {page}, sec. {section}).

É importante notar que, embora o mesmo Firewall tenha apresentado boa performance contra ataques de Phishing (detectando 95% dos casos), sua eficácia contra DNS Spoofing foi considerada insatisfatória devido a essa alta taxa de falsos negativos.",317.8534507751465,6602.416515350342,6920.269966125488,612,1,True,"['(Security_Mitigation_Fails.pdf, p. {page}, sec. {section})']",0.0018915000000000002
Claude,"Qual algoritmo, o Regressão Logística (Artigo 1) ou a CNN (Artigo 2), exigiu um tempo de processamento 6 vezes maior?","Baseando-se no contexto fornecido, houve um equívoco na sua pergunta. O algoritmo que exigiu um tempo de processamento 6 vezes maior foi a **LSTM (Long Short-Term Memory)**, não uma CNN.

Segundo o documento, a LSTM foi superior ao método Random Forest em termos de precisão (Recall de 98,5%), mas exigiu um tempo de processamento 6 vezes maior (DL_Attacks_Types.pdf, p. {page}, sec. {section}).

O estudo comparou especificamente:
- **LSTM**: Rede Neural Recorrente de quatro camadas com Recall de 98,5%
- **Random Forest**: Método de comparação que teve desempenho inferior em precisão

A Regressão Logística mencionada no primeiro artigo foi escolhida justamente devido à sua **baixa complexidade computacional** e consumo médio de CPU de apenas 15% durante a inferência (ML_Attacks_Metrics.pdf, p. {page}, sec. {section}), sendo portanto uma opção mais eficiente computacionalmente.",136.4755630493164,8780.272722244263,8916.74828529358,886,2,True,"['(DL_Attacks_Types.pdf, p. {page}, sec. {section})', '(ML_Attacks_Metrics.pdf, p. {page}, sec. {section})']",0.0025935000000000003
